feature,importance
petal_length,0.43999397414456937
petal_width,0.4215215887397244
sepal_length,0.10809762464246378
sepal_width,0.030386812473242528
